[{"model": "core.country", "pk": "AD", "fields": {"name": "Andorra"}}, {"model": "core.country", "pk": "AE", "fields": {"name": "United Arab Emirates"}}, {"model": "core.country", "pk": "AF", "fields": {"name": "Afghanistan"}}, {"model": "core.country", "pk": "AG", "fields": {"name": "Antigua And Barbuda"}}, {"model": "core.country", "pk": "AI", "fields": {"name": "Anguilla"}}, {"model": "core.country", "pk": "AL", "fields": {"name": "Albania"}}, {"model": "core.country", "pk": "AM", "fields": {"name": "Armenia"}}, {"model": "core.country", "pk": "AO", "fields": {"name": "Angola"}}, {"model": "core.country", "pk": "AQ", "fields": {"name": "Antarctica"}}, {"model": "core.country", "pk": "AR", "fields": {"name": "Argentina"}}, {"model": "core.country", "pk": "AS", "fields": {"name": "American Samoa"}}, {"model": "core.country", "pk": "AT", "fields": {"name": "Austria"}}, {"model": "core.country", "pk": "AU", "fields": {"name": "Australia"}}, {"model": "core.country", "pk": "AW", "fields": {"name": "Aruba"}}, {"model": "core.country", "pk": "AX", "fields": {"name": "Aland Islands"}}, {"model": "core.country", "pk": "AZ", "fields": {"name": "Azerbaijan"}}, {"model": "core.country", "pk": "BA", "fields": {"name": "Bosnia And Herzegovina"}}, {"model": "core.country", "pk": "BB", "fields": {"name": "Barbados"}}, {"model": "core.country", "pk": "BD", "fields": {"name": "Bangladesh"}}, {"model": "core.country", "pk": "BE", "fields": {"name": "Belgium"}}, {"model": "core.country", "pk": "BF", "fields": {"name": "Burkina Faso"}}, {"model": "core.country", "pk": "BG", "fields": {"name": "Bulgaria"}}, {"model": "core.country", "pk": "BH", "fields": {"name": "Bahrain"}}, {"model": "core.country", "pk": "BI", "fields": {"name": "Burundi"}}, {"model": "core.country", "pk": "BJ", "fields": {"name": "Benin"}}, {"model": "core.country", "pk": "BL", "fields": {"name": "Saint Barth\u00e9lemy"}}, {"model": "core.country", "pk": "BM", "fields": {"name": "Bermuda"}}, {"model": "core.country", "pk": "BN", "fields": {"name": "Brunei Darussalam"}}, {"model": "core.country", "pk": "BO", "fields": {"name": "Bolivia, Plurinational State Of"}}, {"model": "core.country", "pk": "BQ", "fields": {"name": "Bonaire, Sint Eustatius And Saba"}}, {"model": "core.country", "pk": "BR", "fields": {"name": "Brazil"}}, {"model": "core.country", "pk": "BS", "fields": {"name": "Bahamas"}}, {"model": "core.country", "pk": "BT", "fields": {"name": "Bhutan"}}, {"model": "core.country", "pk": "BV", "fields": {"name": "Bouvet Island"}}, {"model": "core.country", "pk": "BW", "fields": {"name": "Botswana"}}, {"model": "core.country", "pk": "BY", "fields": {"name": "Belarus"}}, {"model": "core.country", "pk": "BZ", "fields": {"name": "Belize"}}, {"model": "core.country", "pk": "CA", "fields": {"name": "Canada"}}, {"model": "core.country", "pk": "CC", "fields": {"name": "Cocos (Keeling) Islands"}}, {"model": "core.country", "pk": "CD", "fields": {"name": "Congo, The Democratic Republic Of The"}}, {"model": "core.country", "pk": "CF", "fields": {"name": "Central African Republic"}}, {"model": "core.country", "pk": "CG", "fields": {"name": "Congo"}}, {"model": "core.country", "pk": "CH", "fields": {"name": "Switzerland"}}, {"model": "core.country", "pk": "CI", "fields": {"name": "C\u00f4te D\u2019Ivoire"}}, {"model": "core.country", "pk": "CK", "fields": {"name": "Cook Islands"}}, {"model": "core.country", "pk": "CL", "fields": {"name": "Chile"}}, {"model": "core.country", "pk": "CM", "fields": {"name": "Cameroon"}}, {"model": "core.country", "pk": "CN", "fields": {"name": "China"}}, {"model": "core.country", "pk": "CO", "fields": {"name": "Colombia"}}, {"model": "core.country", "pk": "CR", "fields": {"name": "Costa Rica"}}, {"model": "core.country", "pk": "CU", "fields": {"name": "Cuba"}}, {"model": "core.country", "pk": "CV", "fields": {"name": "Cape Verde"}}, {"model": "core.country", "pk": "CW", "fields": {"name": "Cura\u00e7ao"}}, {"model": "core.country", "pk": "CX", "fields": {"name": "Christmas Island"}}, {"model": "core.country", "pk": "CY", "fields": {"name": "Cyprus"}}, {"model": "core.country", "pk": "CZ", "fields": {"name": "Czech Republic"}}, {"model": "core.country", "pk": "DE", "fields": {"name": "Germany"}}, {"model": "core.country", "pk": "DJ", "fields": {"name": "Djibouti"}}, {"model": "core.country", "pk": "DK", "fields": {"name": "Denmark"}}, {"model": "core.country", "pk": "DM", "fields": {"name": "Dominica"}}, {"model": "core.country", "pk": "DO", "fields": {"name": "Dominican Republic"}}, {"model": "core.country", "pk": "DZ", "fields": {"name": "Algeria"}}, {"model": "core.country", "pk": "EC", "fields": {"name": "Ecuador"}}, {"model": "core.country", "pk": "EE", "fields": {"name": "Estonia"}}, {"model": "core.country", "pk": "EG", "fields": {"name": "Egypt"}}, {"model": "core.country", "pk": "EH", "fields": {"name": "Western Sahara"}}, {"model": "core.country", "pk": "ER", "fields": {"name": "Eritrea"}}, {"model": "core.country", "pk": "ES", "fields": {"name": "Spain"}}, {"model": "core.country", "pk": "ET", "fields": {"name": "Ethiopia"}}, {"model": "core.country", "pk": "FI", "fields": {"name": "Finland"}}, {"model": "core.country", "pk": "FJ", "fields": {"name": "Fiji"}}, {"model": "core.country", "pk": "FK", "fields": {"name": "Falkland Islands (Malvinas)"}}, {"model": "core.country", "pk": "FM", "fields": {"name": "Micronesia, Federated States Of"}}, {"model": "core.country", "pk": "FO", "fields": {"name": "Faroe Islands"}}, {"model": "core.country", "pk": "FR", "fields": {"name": "France"}}, {"model": "core.country", "pk": "GA", "fields": {"name": "Gabon"}}, {"model": "core.country", "pk": "GB", "fields": {"name": "United Kingdom"}}, {"model": "core.country", "pk": "GD", "fields": {"name": "Grenada"}}, {"model": "core.country", "pk": "GE", "fields": {"name": "Georgia"}}, {"model": "core.country", "pk": "GF", "fields": {"name": "French Guiana"}}, {"model": "core.country", "pk": "GG", "fields": {"name": "Guernsey"}}, {"model": "core.country", "pk": "GH", "fields": {"name": "Ghana"}}, {"model": "core.country", "pk": "GI", "fields": {"name": "Gibraltar"}}, {"model": "core.country", "pk": "GL", "fields": {"name": "Greenland"}}, {"model": "core.country", "pk": "GM", "fields": {"name": "Gambia"}}, {"model": "core.country", "pk": "GN", "fields": {"name": "Guinea"}}, {"model": "core.country", "pk": "GP", "fields": {"name": "Guadeloupe"}}, {"model": "core.country", "pk": "GQ", "fields": {"name": "Equatorial Guinea"}}, {"model": "core.country", "pk": "GR", "fields": {"name": "Greece"}}, {"model": "core.country", "pk": "GS", "fields": {"name": "South Georgia And The South Sandwich Islands"}}, {"model": "core.country", "pk": "GT", "fields": {"name": "Guatemala"}}, {"model": "core.country", "pk": "GU", "fields": {"name": "Guam"}}, {"model": "core.country", "pk": "GW", "fields": {"name": "Guinea-Bissau"}}, {"model": "core.country", "pk": "GY", "fields": {"name": "Guyana"}}, {"model": "core.country", "pk": "HK", "fields": {"name": "Hong Kong"}}, {"model": "core.country", "pk": "HM", "fields": {"name": "Heard Island And Mcdonald Islands"}}, {"model": "core.country", "pk": "HN", "fields": {"name": "Honduras"}}, {"model": "core.country", "pk": "HR", "fields": {"name": "Croatia"}}, {"model": "core.country", "pk": "HT", "fields": {"name": "Haiti"}}, {"model": "core.country", "pk": "HU", "fields": {"name": "Hungary"}}, {"model": "core.country", "pk": "ID", "fields": {"name": "Indonesia"}}, {"model": "core.country", "pk": "IE", "fields": {"name": "Ireland"}}, {"model": "core.country", "pk": "IL", "fields": {"name": "Israel"}}, {"model": "core.country", "pk": "IM", "fields": {"name": "Isle Of Man"}}, {"model": "core.country", "pk": "IN", "fields": {"name": "India"}}, {"model": "core.country", "pk": "IO", "fields": {"name": "British Indian Ocean Territory"}}, {"model": "core.country", "pk": "IQ", "fields": {"name": "Iraq"}}, {"model": "core.country", "pk": "IR", "fields": {"name": "Iran, Islamic Republic Of"}}, {"model": "core.country", "pk": "IS", "fields": {"name": "Iceland"}}, {"model": "core.country", "pk": "IT", "fields": {"name": "Italy"}}, {"model": "core.country", "pk": "JE", "fields": {"name": "Jersey"}}, {"model": "core.country", "pk": "JM", "fields": {"name": "Jamaica"}}, {"model": "core.country", "pk": "JO", "fields": {"name": "Jordan"}}, {"model": "core.country", "pk": "JP", "fields": {"name": "Japan"}}, {"model": "core.country", "pk": "KE", "fields": {"name": "Kenya"}}, {"model": "core.country", "pk": "KG", "fields": {"name": "Kyrgyzstan"}}, {"model": "core.country", "pk": "KH", "fields": {"name": "Cambodia"}}, {"model": "core.country", "pk": "KI", "fields": {"name": "Kiribati"}}, {"model": "core.country", "pk": "KM", "fields": {"name": "Comoros"}}, {"model": "core.country", "pk": "KN", "fields": {"name": "Saint Kitts And Nevis"}}, {"model": "core.country", "pk": "KP", "fields": {"name": "Korea, Democratic People\u2019S Republic Of"}}, {"model": "core.country", "pk": "KR", "fields": {"name": "Korea, Republic Of"}}, {"model": "core.country", "pk": "KW", "fields": {"name": "Kuwait"}}, {"model": "core.country", "pk": "KY", "fields": {"name": "Cayman Islands"}}, {"model": "core.country", "pk": "KZ", "fields": {"name": "Kazakhstan"}}, {"model": "core.country", "pk": "LA", "fields": {"name": "Lao People\u2019S Democratic Republic"}}, {"model": "core.country", "pk": "LB", "fields": {"name": "Lebanon"}}, {"model": "core.country", "pk": "LC", "fields": {"name": "Saint Lucia"}}, {"model": "core.country", "pk": "LI", "fields": {"name": "Liechtenstein"}}, {"model": "core.country", "pk": "LK", "fields": {"name": "Sri Lanka"}}, {"model": "core.country", "pk": "LR", "fields": {"name": "Liberia"}}, {"model": "core.country", "pk": "LS", "fields": {"name": "Lesotho"}}, {"model": "core.country", "pk": "LT", "fields": {"name": "Lithuania"}}, {"model": "core.country", "pk": "LU", "fields": {"name": "Luxembourg"}}, {"model": "core.country", "pk": "LV", "fields": {"name": "Latvia"}}, {"model": "core.country", "pk": "LY", "fields": {"name": "Libya"}}, {"model": "core.country", "pk": "MA", "fields": {"name": "Morocco"}}, {"model": "core.country", "pk": "MC", "fields": {"name": "Monaco"}}, {"model": "core.country", "pk": "MD", "fields": {"name": "Moldova, Republic Of"}}, {"model": "core.country", "pk": "ME", "fields": {"name": "Montenegro"}}, {"model": "core.country", "pk": "MF", "fields": {"name": "Saint Martin (French Part)"}}, {"model": "core.country", "pk": "MG", "fields": {"name": "Madagascar"}}, {"model": "core.country", "pk": "MH", "fields": {"name": "Marshall Islands"}}, {"model": "core.country", "pk": "MK", "fields": {"name": "Macedonia, The Former Yugoslav Republic Of"}}, {"model": "core.country", "pk": "ML", "fields": {"name": "Mali"}}, {"model": "core.country", "pk": "MM", "fields": {"name": "Myanmar"}}, {"model": "core.country", "pk": "MN", "fields": {"name": "Mongolia"}}, {"model": "core.country", "pk": "MO", "fields": {"name": "Macao"}}, {"model": "core.country", "pk": "MP", "fields": {"name": "Northern Mariana Islands"}}, {"model": "core.country", "pk": "MQ", "fields": {"name": "Martinique"}}, {"model": "core.country", "pk": "MR", "fields": {"name": "Mauritania"}}, {"model": "core.country", "pk": "MS", "fields": {"name": "Montserrat"}}, {"model": "core.country", "pk": "MT", "fields": {"name": "Malta"}}, {"model": "core.country", "pk": "MU", "fields": {"name": "Mauritius"}}, {"model": "core.country", "pk": "MULT", "fields": {"name": "Multinational"}}, {"model": "core.country", "pk": "MV", "fields": {"name": "Maldives"}}, {"model": "core.country", "pk": "MW", "fields": {"name": "Malawi"}}, {"model": "core.country", "pk": "MX", "fields": {"name": "Mexico"}}, {"model": "core.country", "pk": "MY", "fields": {"name": "Malaysia"}}, {"model": "core.country", "pk": "MZ", "fields": {"name": "Mozambique"}}, {"model": "core.country", "pk": "NA", "fields": {"name": "Namibia"}}, {"model": "core.country", "pk": "NC", "fields": {"name": "New Caledonia"}}, {"model": "core.country", "pk": "NE", "fields": {"name": "Niger"}}, {"model": "core.country", "pk": "NF", "fields": {"name": "Norfolk Island"}}, {"model": "core.country", "pk": "NG", "fields": {"name": "Nigeria"}}, {"model": "core.country", "pk": "NI", "fields": {"name": "Nicaragua"}}, {"model": "core.country", "pk": "NL", "fields": {"name": "Netherlands"}}, {"model": "core.country", "pk": "NO", "fields": {"name": "Norway"}}, {"model": "core.country", "pk": "NP", "fields": {"name": "Nepal"}}, {"model": "core.country", "pk": "NR", "fields": {"name": "Nauru"}}, {"model": "core.country", "pk": "NU", "fields": {"name": "Niue"}}, {"model": "core.country", "pk": "NZ", "fields": {"name": "New Zealand"}}, {"model": "core.country", "pk": "OM", "fields": {"name": "Oman"}}, {"model": "core.country", "pk": "PA", "fields": {"name": "Panama"}}, {"model": "core.country", "pk": "PE", "fields": {"name": "Peru"}}, {"model": "core.country", "pk": "PF", "fields": {"name": "French Polynesia"}}, {"model": "core.country", "pk": "PG", "fields": {"name": "Papua New Guinea"}}, {"model": "core.country", "pk": "PH", "fields": {"name": "Philippines"}}, {"model": "core.country", "pk": "PK", "fields": {"name": "Pakistan"}}, {"model": "core.country", "pk": "PL", "fields": {"name": "Poland"}}, {"model": "core.country", "pk": "PM", "fields": {"name": "Saint Pierre And Miquelon"}}, {"model": "core.country", "pk": "PN", "fields": {"name": "Pitcairn"}}, {"model": "core.country", "pk": "PR", "fields": {"name": "Puerto Rico"}}, {"model": "core.country", "pk": "PS", "fields": {"name": "Palestinian Territory, Occupied"}}, {"model": "core.country", "pk": "PT", "fields": {"name": "Portugal"}}, {"model": "core.country", "pk": "PW", "fields": {"name": "Palau"}}, {"model": "core.country", "pk": "PY", "fields": {"name": "Paraguay"}}, {"model": "core.country", "pk": "QA", "fields": {"name": "Qatar"}}, {"model": "core.country", "pk": "RE", "fields": {"name": "R\u00e9union"}}, {"model": "core.country", "pk": "RO", "fields": {"name": "Romania"}}, {"model": "core.country", "pk": "RS", "fields": {"name": "Serbia"}}, {"model": "core.country", "pk": "RU", "fields": {"name": "Russian Federation"}}, {"model": "core.country", "pk": "RW", "fields": {"name": "Rwanda"}}, {"model": "core.country", "pk": "SA", "fields": {"name": "Saudi Arabia"}}, {"model": "core.country", "pk": "SB", "fields": {"name": "Solomon Islands"}}, {"model": "core.country", "pk": "SC", "fields": {"name": "Seychelles"}}, {"model": "core.country", "pk": "SD", "fields": {"name": "Sudan"}}, {"model": "core.country", "pk": "SE", "fields": {"name": "Sweden"}}, {"model": "core.country", "pk": "SG", "fields": {"name": "Singapore"}}, {"model": "core.country", "pk": "SH", "fields": {"name": "Saint Helena, Ascension And Tristan Da Cunha"}}, {"model": "core.country", "pk": "SI", "fields": {"name": "Slovenia"}}, {"model": "core.country", "pk": "SJ", "fields": {"name": "Svalbard And Jan Mayen"}}, {"model": "core.country", "pk": "SK", "fields": {"name": "Slovakia"}}, {"model": "core.country", "pk": "SL", "fields": {"name": "Sierra Leone"}}, {"model": "core.country", "pk": "SM", "fields": {"name": "San Marino"}}, {"model": "core.country", "pk": "SN", "fields": {"name": "Senegal"}}, {"model": "core.country", "pk": "SNAT", "fields": {"name": "Supranational"}}, {"model": "core.country", "pk": "SO", "fields": {"name": "Somalia"}}, {"model": "core.country", "pk": "SR", "fields": {"name": "Suriname"}}, {"model": "core.country", "pk": "SS", "fields": {"name": "South Sudan"}}, {"model": "core.country", "pk": "ST", "fields": {"name": "Sao Tome And Principe"}}, {"model": "core.country", "pk": "SV", "fields": {"name": "El Salvador"}}, {"model": "core.country", "pk": "SX", "fields": {"name": "Sint Maarten (Dutch Part)"}}, {"model": "core.country", "pk": "SY", "fields": {"name": "Syrian Arab Republic"}}, {"model": "core.country", "pk": "SZ", "fields": {"name": "Swaziland"}}, {"model": "core.country", "pk": "TC", "fields": {"name": "Turks And Caicos Islands"}}, {"model": "core.country", "pk": "TD", "fields": {"name": "Chad"}}, {"model": "core.country", "pk": "TF", "fields": {"name": "French Southern Territories"}}, {"model": "core.country", "pk": "TG", "fields": {"name": "Togo"}}, {"model": "core.country", "pk": "TH", "fields": {"name": "Thailand"}}, {"model": "core.country", "pk": "TJ", "fields": {"name": "Tajikistan"}}, {"model": "core.country", "pk": "TK", "fields": {"name": "Tokelau"}}, {"model": "core.country", "pk": "TL", "fields": {"name": "Timor-Leste"}}, {"model": "core.country", "pk": "TM", "fields": {"name": "Turkmenistan"}}, {"model": "core.country", "pk": "TN", "fields": {"name": "Tunisia"}}, {"model": "core.country", "pk": "TO", "fields": {"name": "Tonga"}}, {"model": "core.country", "pk": "TR", "fields": {"name": "Turkey"}}, {"model": "core.country", "pk": "TT", "fields": {"name": "Trinidad And Tobago"}}, {"model": "core.country", "pk": "TV", "fields": {"name": "Tuvalu"}}, {"model": "core.country", "pk": "TW", "fields": {"name": "Taiwan, Province Of China"}}, {"model": "core.country", "pk": "TZ", "fields": {"name": "Tanzania, United Republic Of"}}, {"model": "core.country", "pk": "UA", "fields": {"name": "Ukraine"}}, {"model": "core.country", "pk": "UG", "fields": {"name": "Uganda"}}, {"model": "core.country", "pk": "UM", "fields": {"name": "United States Minor Outlying Islands"}}, {"model": "core.country", "pk": "US", "fields": {"name": "United States"}}, {"model": "core.country", "pk": "UY", "fields": {"name": "Uruguay"}}, {"model": "core.country", "pk": "UZ", "fields": {"name": "Uzbekistan"}}, {"model": "core.country", "pk": "VA", "fields": {"name": "Holy See (Vatican City State)"}}, {"model": "core.country", "pk": "VC", "fields": {"name": "Saint Vincent And The Grenadines"}}, {"model": "core.country", "pk": "VE", "fields": {"name": "Venezuela, Bolivarian Republic Of"}}, {"model": "core.country", "pk": "VG", "fields": {"name": "Virgin Islands, British"}}, {"model": "core.country", "pk": "VI", "fields": {"name": "Virgin Islands, U.S."}}, {"model": "core.country", "pk": "VN", "fields": {"name": "Viet Nam"}}, {"model": "core.country", "pk": "VU", "fields": {"name": "Vanuatu"}}, {"model": "core.country", "pk": "WF", "fields": {"name": "Wallis And Futuna"}}, {"model": "core.country", "pk": "WS", "fields": {"name": "Samoa"}}, {"model": "core.country", "pk": "YE", "fields": {"name": "Yemen"}}, {"model": "core.country", "pk": "YT", "fields": {"name": "Mayotte"}}, {"model": "core.country", "pk": "ZA", "fields": {"name": "South Africa"}}, {"model": "core.country", "pk": "ZM", "fields": {"name": "Zambia"}}, {"model": "core.country", "pk": "ZW", "fields": {"name": "Zimbabwe"}}, {"model": "core.currency", "pk": "ARS", "fields": {"name": "\u0410\u0440\u0433\u0435\u043d\u0442\u0438\u043d\u0441\u043a\u0438\u0439 \u043f\u0435\u0441\u043e", "country": "AR"}}, {"model": "core.currency", "pk": "AUD", "fields": {"name": "\u0410\u0432\u0441\u0442\u0440\u0430\u043b\u0438\u0439\u0441\u043a\u0438\u0439 \u0434\u043e\u043b\u043b\u0430\u0440", "country": "AU"}}, {"model": "core.currency", "pk": "BRL", "fields": {"name": "\u0411\u0440\u0430\u0437\u0438\u043b\u044c\u0441\u043a\u0438\u0439 \u0440\u0435\u0430\u043b", "country": "BR"}}, {"model": "core.currency", "pk": "CAD", "fields": {"name": "\u041a\u0430\u043d\u0430\u0434\u0441\u043a\u0438\u0439 \u0434\u043e\u043b\u043b\u0430\u0440", "country": "CA"}}, {"model": "core.currency", "pk": "CHF", "fields": {"name": "\u0428\u0432\u0435\u0439\u0446\u0430\u0440\u0441\u043a\u0438\u0439 \u0444\u0440\u0430\u043d\u043a", "country": "CH"}}, {"model": "core.currency", "pk": "CLP", "fields": {"name": "\u0427\u0438\u043b\u0438\u0439\u0441\u043a\u0438\u0439 \u043f\u0435\u0441\u043e", "country": "CL"}}, {"model": "core.currency", "pk": "CNY", "fields": {"name": "\u041a\u0438\u0442\u0430\u0439\u0441\u043a\u0438\u0439 \u044e\u0430\u043d\u044c", "country": "CN"}}, {"model": "core.currency", "pk": "COP", "fields": {"name": "\u041a\u043e\u043b\u0443\u043c\u0431\u0438\u0439\u0441\u043a\u0438\u0439 \u043f\u0435\u0441\u043e", "country": "CO"}}, {"model": "core.currency", "pk": "CZK", "fields": {"name": "\u0427\u0435\u0448\u0441\u043a\u0430\u044f \u043a\u0440\u043e\u043d\u0430", "country": "CZ"}}, {"model": "core.currency", "pk": "DEM", "fields": {"name": "\u041d\u0435\u043c\u0435\u0446\u043a\u0430\u044f \u043c\u0430\u0440\u043a\u0430", "country": "DE"}}, {"model": "core.currency", "pk": "EUR", "fields": {"name": "\u0415\u0432\u0440\u043e", "country": "MULT"}}, {"model": "core.currency", "pk": "FRF", "fields": {"name": "\u0424\u0440\u0430\u043d\u0446\u0443\u0437\u0441\u043a\u0438\u0439 \u0444\u0440\u0430\u043d\u043a", "country": "FR"}}, {"model": "core.currency", "pk": "GBP", "fields": {"name": "\u0411\u0440\u0438\u0442\u0430\u043d\u0441\u043a\u0438\u0439 \u0444\u0443\u043d\u0442", "country": "GB"}}, {"model": "core.currency", "pk": "GEL", "fields": {"name": "\u0413\u0440\u0443\u0437\u0438\u043d\u0441\u043a\u0438\u0439 \u043b\u0430\u0440\u0438", "country": "GE"}}, {"model": "core.currency", "pk": "HKD", "fields": {"name": "\u0413\u043e\u043d\u043a\u043e\u043d\u0433\u0441\u043a\u0438\u0439 \u0434\u043e\u043b\u043b\u0430\u0440", "country": "HK"}}, {"model": "core.currency", "pk": "HRK", "fields": {"name": "\u0425\u043e\u0440\u0432\u0430\u0442\u0441\u043a\u0430\u044f \u043a\u0443\u043d\u0430", "country": "HR"}}, {"model": "core.currency", "pk": "HUF", "fields": {"name": "\u0412\u0435\u043d\u0433\u0435\u0440\u0441\u043a\u0438\u0439 \u0444\u043e\u0440\u0438\u043d\u0442", "country": "HU"}}, {"model": "core.currency", "pk": "IDR", "fields": {"name": "\u0418\u043d\u0434\u043e\u043d\u0435\u0437\u0438\u0439\u0441\u043a\u0430\u044f \u0440\u0443\u043f\u0438\u044f", "country": "ID"}}, {"model": "core.currency", "pk": "INR", "fields": {"name": "\u0418\u043d\u0434\u0438\u0439\u0441\u043a\u0430\u044f \u0440\u0443\u043f\u0438\u044f", "country": "IN"}}, {"model": "core.currency", "pk": "ITL", "fields": {"name": "\u0418\u0442\u0430\u043b\u044c\u044f\u043d\u0441\u043a\u0430\u044f \u043b\u0438\u0440\u0430", "country": "IT"}}, {"model": "core.currency", "pk": "JPY", "fields": {"name": "\u042f\u043f\u043e\u043d\u0441\u043a\u0430\u044f \u0439\u0435\u043d\u0430", "country": "JP"}}, {"model": "core.currency", "pk": "KRW", "fields": {"name": "\u041a\u043e\u0440\u0435\u0439\u0441\u043a\u0430\u044f \u0432\u043e\u043d\u0430", "country": "KR"}}, {"model": "core.currency", "pk": "KZT", "fields": {"name": "\u041a\u0430\u0437\u0430\u0445\u0441\u0442\u0430\u043d\u0441\u043a\u0438\u0439 \u0442\u0435\u043d\u0433\u0435", "country": "KZ"}}, {"model": "core.currency", "pk": "MXN", "fields": {"name": "\u041c\u0435\u043a\u0441\u0438\u043a\u0430\u043d\u0441\u043a\u0438\u0439 \u043f\u0435\u0441\u043e", "country": "MX"}}, {"model": "core.currency", "pk": "MYR", "fields": {"name": "\u041c\u0430\u043b\u0430\u0439\u0437\u0438\u0439\u0441\u043a\u0438\u0439 \u0440\u0438\u043d\u0433\u0438\u0442", "country": "MY"}}, {"model": "core.currency", "pk": "NOK", "fields": {"name": "\u041d\u043e\u0440\u0432\u0435\u0436\u0441\u043a\u0430\u044f \u043a\u0440\u043e\u043d\u0430", "country": "NO"}}, {"model": "core.currency", "pk": "NZD", "fields": {"name": "\u041d\u043e\u0432\u043e\u0437\u0435\u043b\u0430\u043d\u0434\u0441\u043a\u0438\u0439 \u0434\u043e\u043b\u043b\u0430\u0440", "country": "NZ"}}, {"model": "core.currency", "pk": "PEN", "fields": {"name": "\u041f\u0435\u0440\u0443\u0430\u043d\u0441\u043a\u0438\u0439 \u0441\u043e\u043b", "country": "PE"}}, {"model": "core.currency", "pk": "PHP", "fields": {"name": "\u0424\u0438\u043b\u0438\u043f\u043f\u0438\u043d\u0441\u043a\u0438\u0439 \u043f\u0435\u0441\u043e", "country": "PH"}}, {"model": "core.currency", "pk": "PLN", "fields": {"name": "\u041f\u043e\u043b\u044c\u0441\u043a\u0438\u0439 \u0437\u043b\u043e\u0442\u044b\u0439", "country": "PL"}}, {"model": "core.currency", "pk": "RON", "fields": {"name": "\u0420\u0443\u043c\u044b\u043d\u0441\u043a\u0438\u0439 \u043b\u0435\u0439", "country": "RO"}}, {"model": "core.currency", "pk": "RUB", "fields": {"name": "\u0420\u043e\u0441\u0441\u0438\u0439\u0441\u043a\u0438\u0439 \u0440\u0443\u0431\u043b\u044c", "country": "RU"}}, {"model": "core.currency", "pk": "SEK", "fields": {"name": "\u0428\u0432\u0435\u0434\u0441\u043a\u0430\u044f \u043a\u0440\u043e\u043d\u0430", "country": "SE"}}, {"model": "core.currency", "pk": "SGD", "fields": {"name": "\u0421\u0438\u043d\u0433\u0430\u043f\u0443\u0440\u0441\u043a\u0438\u0439 \u0434\u043e\u043b\u043b\u0430\u0440", "country": "SG"}}, {"model": "core.currency", "pk": "SKK", "fields": {"name": "\u0421\u043b\u043e\u0432\u0430\u0446\u043a\u0430\u044f \u043a\u0440\u043e\u043d\u0430", "country": "SK"}}, {"model": "core.currency", "pk": "TRY", "fields": {"name": "\u0422\u0443\u0440\u0435\u0446\u043a\u0430\u044f \u043b\u0438\u0440\u0430", "country": "TR"}}, {"model": "core.currency", "pk": "TWD", "fields": {"name": "\u0422\u0430\u0439\u0432\u0430\u043d\u0441\u043a\u0438\u0439 \u0434\u043e\u043b\u043b\u0430\u0440", "country": "TW"}}, {"model": "core.currency", "pk": "USD", "fields": {"name": "\u0410\u043c\u0435\u0440\u0438\u043a\u0430\u043d\u0441\u043a\u0438\u0439 \u0434\u043e\u043b\u043b\u0430\u0440", "country": "US"}}, {"model": "core.currency", "pk": "UYU", "fields": {"name": "\u0423\u0440\u0443\u0433\u0432\u0430\u0439\u0441\u043a\u0438\u0439 \u043f\u0435\u0441\u043e", "country": "UY"}}, {"model": "core.currency", "pk": "ZAR", "fields": {"name": "\u042e\u0436\u043d\u043e\u0430\u0444\u0440\u0438\u043a\u0430\u043d\u0441\u043a\u0438\u0439 \u0440\u044d\u043d\u0434", "country": "ZA"}}, {"model": "core.bondissue", "pk": "ARBCIU320097", "fields": {"IssuerCompany": "Banco de la Ciudad de Buenos Aires", "Ticker": "CIUDAD", "Coupon": "54.604", "Maturity": "2020-12-06", "MaturityType": "SINKABLE", "Currency": "ARS", "Source": "EXCH", "Moody": "B2", "Sp": "", "Fitch": "", "BloombergCompositeRating": "NR", "Announce": "2016-11-28", "CollateralType": "UNSECURED", "Country": "AR", "IssueDate": "2016-12-06", "OutstandingAmount": 777894737, "IssuedAmount": 777894737, "Underwriter": "CIUDAD", "MinimumPiece": 1000, "BidPrice": "49.725", "BidYTM": "256.255", "BidMDuration": "0.00", "Archived": false}}, {"model": "core.bondissue", "pk": "ARBCIU3200E7", "fields": {"IssuerCompany": "Banco de la Ciudad de Buenos Aires", "Ticker": "CIUDAD", "Coupon": "54.630", "Maturity": "2022-12-05", "MaturityType": "SINKABLE", "Currency": "ARS", "Source": "EXCH", "Moody": "B2", "Sp": "", "Fitch": "", "BloombergCompositeRating": "NR", "Announce": "2017-11-27", "CollateralType": "UNSECURED", "Country": "AR", "IssueDate": "2017-12-05", "OutstandingAmount": 4044986269, "IssuedAmount": 4044986269, "Underwriter": "JOINT LEADS", "MinimumPiece": 1000000, "BidPrice": "38.711", "BidYTM": "274.111", "BidMDuration": "0.00", "Archived": false}}, {"model": "core.bondissue", "pk": "ARBCIU3200J6", "fields": {"IssuerCompany": "Banco de la Ciudad de Buenos Aires", "Ticker": "CIUDAD", "Coupon": "50.758", "Maturity": "2020-08-22", "MaturityType": "SINKABLE", "Currency": "ARS", "Source": "EXCH", "Moody": "B2", "Sp": "", "Fitch": "", "BloombergCompositeRating": "NR", "Announce": "2019-02-15", "CollateralType": "UNSECURED", "Country": "AR", "IssueDate": "2019-02-22", "OutstandingAmount": 1430446667, "IssuedAmount": 1430446667, "Underwriter": "JOINT LEADS", "MinimumPiece": 1000, "BidPrice": "96.384", "BidYTM": "86.460", "BidMDuration": "0.04", "Archived": false}}, {"model": "core.bondissue", "pk": "ARBSUD5600I4", "fields": {"IssuerCompany": "Banco Macro SA", "Ticker": "BMAAR", "Coupon": "54.128", "Maturity": "2021-04-09", "MaturityType": "AT MATURITY", "Currency": "ARS", "Source": "EXCH", "Moody": "B2", "Sp": "", "Fitch": "", "BloombergCompositeRating": "NR", "Announce": "2018-03-28", "CollateralType": "UNSECURED", "Country": "AR", "IssueDate": "2018-04-09", "OutstandingAmount": 3207500000, "IssuedAmount": 3207500000, "Underwriter": "MACROS", "MinimumPiece": 1000000, "BidPrice": "87.400", "BidYTM": "107.904", "BidMDuration": "0.00", "Archived": false}}, {"model": "core.bondissue", "pk": "AREPEC320012", "fields": {"IssuerCompany": "Empresa Provincial de Energia de Cordoba", "Ticker": "EPECOR", "Coupon": "7.000", "Maturity": "2022-08-17", "MaturityType": "SINKABLE", "Currency": "USD", "Source": "BVAL", "Moody": "B2", "Sp": "", "Fitch": "", "BloombergCompositeRating": "NR", "Announce": "2017-08-09", "CollateralType": "SR UNSECURED", "Country": "AR", "IssueDate": "2017-08-17", "OutstandingAmount": 87500000, "IssuedAmount": 100000000, "Underwriter": "BALANZ,BANCOR", "MinimumPiece": 1, "BidPrice": "75.753", "BidYTM": "19.566", "BidMDuration": "1.26", "Archived": false}}, {"model": "core.bondissue", "pk": "ARGPAT5600H9", "fields": {"IssuerCompany": "GPAT Cia Financiera SA", "Ticker": "BANSUD", "Coupon": "54.763", "Maturity": "2020-10-05", "MaturityType": "AT MATURITY", "Currency": "ARS", "Source": "BGN", "Moody": "B1", "Sp": "", "Fitch": "", "BloombergCompositeRating": "NR", "Announce": "2017-09-26", "CollateralType": "SR UNSECURED", "Country": "AR", "IssueDate": "2017-10-05", "OutstandingAmount": 191111111, "IssuedAmount": 191111111, "Underwriter": "BANPAT", "MinimumPiece": 1000, "BidPrice": "0.000", "BidYTM": "0.000", "BidMDuration": "0.00", "Archived": false}}, {"model": "core.bondissue", "pk": "ARJDCC5600C2", "fields": {"IssuerCompany": "John Deere Credit Cia Financiera SA", "Ticker": "DE", "Coupon": "6.250", "Maturity": "2021-12-21", "MaturityType": "AT MATURITY", "Currency": "USD", "Source": "BVAL", "Moody": "B1", "Sp": "", "Fitch": "", "BloombergCompositeRating": "NR", "Announce": "2017-12-12", "CollateralType": "SECURED", "Country": "AR", "IssueDate": "2017-12-21", "OutstandingAmount": 34844000, "IssuedAmount": 34844000, "Underwriter": "JOINT LEADS", "MinimumPiece": 62000, "BidPrice": "94.684", "BidYTM": "8.737", "BidMDuration": "2.26", "Archived": false}}, {"model": "core.bondissue", "pk": "ARJDCC5600E8", "fields": {"IssuerCompany": "John Deere Credit Cia Financiera SA", "Ticker": "DE", "Coupon": "6.440", "Maturity": "2022-04-06", "MaturityType": "AT MATURITY", "Currency": "USD", "Source": "BVAL", "Moody": "B1", "Sp": "", "Fitch": "", "BloombergCompositeRating": "NR", "Announce": "2018-03-26", "CollateralType": "UNSECURED", "Country": "AR", "IssueDate": "2018-04-06", "OutstandingAmount": 16236000, "IssuedAmount": 16236000, "Underwriter": "JOINT LEADS", "MinimumPiece": 52000, "BidPrice": "98.632", "BidYTM": "7.616", "BidMDuration": "2.46", "Archived": false}}, {"model": "core.bondissue", "pk": "ARQUIK560059", "fields": {"IssuerCompany": "Quickfood SA", "Ticker": "BRFSBZ", "Coupon": "56.757", "Maturity": "2020-08-20", "MaturityType": "SINKABLE", "Currency": "ARS", "Source": "BGN", "Moody": "B2", "Sp": "", "Fitch": "", "BloombergCompositeRating": "NR", "Announce": "2015-07-23", "CollateralType": "SR UNSECURED", "Country": "AR", "IssueDate": "2015-07-24", "OutstandingAmount": 195888888, "IssuedAmount": 195888888, "Underwriter": "JOINT LEADS", "MinimumPiece": 1000, "BidPrice": "0.000", "BidYTM": "0.000", "BidMDuration": "0.00", "Archived": false}}, {"model": "core.bondissue", "pk": "ARQUIK560067", "fields": {"IssuerCompany": "Quickfood SA", "Ticker": "BRFSBZ", "Coupon": "45.672", "Maturity": "2022-11-24", "MaturityType": "SINKABLE", "Currency": "ARS", "Source": "BGN", "Moody": "B2", "Sp": "", "Fitch": "", "BloombergCompositeRating": "NR", "Announce": "2015-11-17", "CollateralType": "SR UNSECURED", "Country": "AR", "IssueDate": "2015-11-24", "OutstandingAmount": 178000000, "IssuedAmount": 178000000, "Underwriter": "JOINT LEADS", "MinimumPiece": 1, "BidPrice": "0.000", "BidYTM": "0.000", "BidMDuration": "0.00", "Archived": false}}, 
    {"model": "core.bondissue", "pk": "ZAG000142514", "fields": {"IssuerCompany": "FirstRand Bank Ltd", "Ticker": "FSRSJ", "Coupon": "10.520", "Maturity": "2032-03-31", "MaturityType": "AT MATURITY", "Currency": "ZAR", "Source": "BVAL", "Moody": "Baa3", "Sp": "", "Fitch": "", "BloombergCompositeRating": "NR", "Announce": "2017-03-03", "CollateralType": "SR UNSECURED", "Country": "ZA", "IssueDate": "2017-03-07", "OutstandingAmount": 1100000000, "IssuedAmount": 1100000000, "Underwriter": "RNDMBK", "MinimumPiece": 1000000, "BidPrice": "101.594", "BidYTM": "10.290", "BidMDuration": "6.95", "Archived": false}}, {"model": "core.bondissue", "pk": "ZAG000144122", "fields": {"IssuerCompany": "Investec Bank Ltd", "Ticker": "INTSJ", "Coupon": "9.075", "Maturity": "2022-05-24", "MaturityType": "AT MATURITY", "Currency": "ZAR", "Source": "BMA", "Moody": "Baa3", "Sp": "", "Fitch": "", "BloombergCompositeRating": "NR", "Announce": "2017-05-22", "CollateralType": "SR UNSECURED", "Country": "ZA", "IssueDate": "2017-05-24", "OutstandingAmount": 72000000, "IssuedAmount": 72000000, "Underwriter": "INVSTC", "MinimumPiece": 1000000, "BidPrice": "101.037", "BidYTM": "8.690", "BidMDuration": "2.51", "Archived": false}},  {"model": "contenttypes.contenttype", "pk": 1, "fields": {"app_label": "core", "model": "bondissue"}}, {"model": "contenttypes.contenttype", "pk": 2, "fields": {"app_label": "core", "model": "country"}}, {"model": "contenttypes.contenttype", "pk": 3, "fields": {"app_label": "core", "model": "currency"}}, {"model": "contenttypes.contenttype", "pk": 4, "fields": {"app_label": "core", "model": "comment"}}, {"model": "contenttypes.contenttype", "pk": 5, "fields": {"app_label": "admin", "model": "logentry"}}, {"model": "contenttypes.contenttype", "pk": 6, "fields": {"app_label": "auth", "model": "permission"}}, {"model": "contenttypes.contenttype", "pk": 7, "fields": {"app_label": "auth", "model": "group"}}, {"model": "contenttypes.contenttype", "pk": 8, "fields": {"app_label": "auth", "model": "user"}}, {"model": "contenttypes.contenttype", "pk": 9, "fields": {"app_label": "contenttypes", "model": "contenttype"}}, {"model": "contenttypes.contenttype", "pk": 10, "fields": {"app_label": "sessions", "model": "session"}}, {"model": "sessions.session", "pk": "9793er7g6td40w5utpzew6vhxho2p67k", "fields": {"session_data": "OTRhYjg3N2IzYmQ4MzFlYTI1ZGM5NzJiYjFiNWI1ZGFhMTYzMmEzZjp7Il9hdXRoX3VzZXJfaWQiOiIxIiwiX2F1dGhfdXNlcl9iYWNrZW5kIjoiZGphbmdvLmNvbnRyaWIuYXV0aC5iYWNrZW5kcy5Nb2RlbEJhY2tlbmQiLCJfYXV0aF91c2VyX2hhc2giOiIxMDZhNTRmYmIwOTMyZDNhNWYxOTIzZWU3YTIzNWE5ZjczYjIxY2E1In0=", "expire_date": "2019-08-12T11:48:07.936Z"}}, {"model": "sessions.session", "pk": "9y0wf7xq089xctkq4qfbtcdazteu9ajo", "fields": {"session_data": "OTRhYjg3N2IzYmQ4MzFlYTI1ZGM5NzJiYjFiNWI1ZGFhMTYzMmEzZjp7Il9hdXRoX3VzZXJfaWQiOiIxIiwiX2F1dGhfdXNlcl9iYWNrZW5kIjoiZGphbmdvLmNvbnRyaWIuYXV0aC5iYWNrZW5kcy5Nb2RlbEJhY2tlbmQiLCJfYXV0aF91c2VyX2hhc2giOiIxMDZhNTRmYmIwOTMyZDNhNWYxOTIzZWU3YTIzNWE5ZjczYjIxY2E1In0=", "expire_date": "2019-08-12T11:52:40.286Z"}}, {"model": "sessions.session", "pk": "bj9lp1n6imnk1wn9xbje0wjfh99tf4o0", "fields": {"session_data": "OTRhYjg3N2IzYmQ4MzFlYTI1ZGM5NzJiYjFiNWI1ZGFhMTYzMmEzZjp7Il9hdXRoX3VzZXJfaWQiOiIxIiwiX2F1dGhfdXNlcl9iYWNrZW5kIjoiZGphbmdvLmNvbnRyaWIuYXV0aC5iYWNrZW5kcy5Nb2RlbEJhY2tlbmQiLCJfYXV0aF91c2VyX2hhc2giOiIxMDZhNTRmYmIwOTMyZDNhNWYxOTIzZWU3YTIzNWE5ZjczYjIxY2E1In0=", "expire_date": "2019-08-10T06:41:53.853Z"}}, {"model": "sessions.session", "pk": "iq6rhgkh3grltpcvqyndol8prffpykr3", "fields": {"session_data": "OTRhYjg3N2IzYmQ4MzFlYTI1ZGM5NzJiYjFiNWI1ZGFhMTYzMmEzZjp7Il9hdXRoX3VzZXJfaWQiOiIxIiwiX2F1dGhfdXNlcl9iYWNrZW5kIjoiZGphbmdvLmNvbnRyaWIuYXV0aC5iYWNrZW5kcy5Nb2RlbEJhY2tlbmQiLCJfYXV0aF91c2VyX2hhc2giOiIxMDZhNTRmYmIwOTMyZDNhNWYxOTIzZWU3YTIzNWE5ZjczYjIxY2E1In0=", "expire_date": "2019-08-13T05:42:15.177Z"}}, {"model": "sessions.session", "pk": "jfpv7tbgsg2iyukkiv9jl7y1zo7ilwgl", "fields": {"session_data": "OTRhYjg3N2IzYmQ4MzFlYTI1ZGM5NzJiYjFiNWI1ZGFhMTYzMmEzZjp7Il9hdXRoX3VzZXJfaWQiOiIxIiwiX2F1dGhfdXNlcl9iYWNrZW5kIjoiZGphbmdvLmNvbnRyaWIuYXV0aC5iYWNrZW5kcy5Nb2RlbEJhY2tlbmQiLCJfYXV0aF91c2VyX2hhc2giOiIxMDZhNTRmYmIwOTMyZDNhNWYxOTIzZWU3YTIzNWE5ZjczYjIxY2E1In0=", "expire_date": "2019-08-12T11:47:06.014Z"}}, {"model": "sessions.session", "pk": "rih5fp7c6g88ghjpc2nsfsmc923lo5xc", "fields": {"session_data": "YzJhNDE5YTcyYTI0YzgxYjAyZTc3OWViM2IxODhmODVlZTdjM2I0ZTp7Il9hdXRoX3VzZXJfaWQiOiIyIiwiX2F1dGhfdXNlcl9iYWNrZW5kIjoiZGphbmdvLmNvbnRyaWIuYXV0aC5iYWNrZW5kcy5Nb2RlbEJhY2tlbmQiLCJfYXV0aF91c2VyX2hhc2giOiJiOWI4ZDZiMDI2OTFiZTU0OTNkNjI1MzhjZThkZjQzYzE4OTZhZmYwIn0=", "expire_date": "2019-08-02T21:44:16.121Z"}}, {"model": "sessions.session", "pk": "sua4745aqv8czrbjc3694azsb6sz03fk", "fields": {"session_data": "OTRhYjg3N2IzYmQ4MzFlYTI1ZGM5NzJiYjFiNWI1ZGFhMTYzMmEzZjp7Il9hdXRoX3VzZXJfaWQiOiIxIiwiX2F1dGhfdXNlcl9iYWNrZW5kIjoiZGphbmdvLmNvbnRyaWIuYXV0aC5iYWNrZW5kcy5Nb2RlbEJhY2tlbmQiLCJfYXV0aF91c2VyX2hhc2giOiIxMDZhNTRmYmIwOTMyZDNhNWYxOTIzZWU3YTIzNWE5ZjczYjIxY2E1In0=", "expire_date": "2019-08-02T14:13:46.693Z"}}, {"model": "auth.permission", "pk": 1, "fields": {"name": "Can add bond issue", "content_type": 1, "codename": "add_bondissue"}}, {"model": "auth.permission", "pk": 2, "fields": {"name": "Can change bond issue", "content_type": 1, "codename": "change_bondissue"}}, {"model": "auth.permission", "pk": 3, "fields": {"name": "Can delete bond issue", "content_type": 1, "codename": "delete_bondissue"}}, {"model": "auth.permission", "pk": 4, "fields": {"name": "Can view bond issue", "content_type": 1, "codename": "view_bondissue"}}, {"model": "auth.permission", "pk": 5, "fields": {"name": "Can add country", "content_type": 2, "codename": "add_country"}}, {"model": "auth.permission", "pk": 6, "fields": {"name": "Can change country", "content_type": 2, "codename": "change_country"}}, {"model": "auth.permission", "pk": 7, "fields": {"name": "Can delete country", "content_type": 2, "codename": "delete_country"}}, {"model": "auth.permission", "pk": 8, "fields": {"name": "Can view country", "content_type": 2, "codename": "view_country"}}, {"model": "auth.permission", "pk": 9, "fields": {"name": "Can add currency", "content_type": 3, "codename": "add_currency"}}, {"model": "auth.permission", "pk": 10, "fields": {"name": "Can change currency", "content_type": 3, "codename": "change_currency"}}, {"model": "auth.permission", "pk": 11, "fields": {"name": "Can delete currency", "content_type": 3, "codename": "delete_currency"}}, {"model": "auth.permission", "pk": 12, "fields": {"name": "Can view currency", "content_type": 3, "codename": "view_currency"}}, {"model": "auth.permission", "pk": 13, "fields": {"name": "Can add comment", "content_type": 4, "codename": "add_comment"}}, {"model": "auth.permission", "pk": 14, "fields": {"name": "Can change comment", "content_type": 4, "codename": "change_comment"}}, {"model": "auth.permission", "pk": 15, "fields": {"name": "Can delete comment", "content_type": 4, "codename": "delete_comment"}}, {"model": "auth.permission", "pk": 16, "fields": {"name": "Can view comment", "content_type": 4, "codename": "view_comment"}}, {"model": "auth.permission", "pk": 17, "fields": {"name": "Can add log entry", "content_type": 5, "codename": "add_logentry"}}, {"model": "auth.permission", "pk": 18, "fields": {"name": "Can change log entry", "content_type": 5, "codename": "change_logentry"}}, {"model": "auth.permission", "pk": 19, "fields": {"name": "Can delete log entry", "content_type": 5, "codename": "delete_logentry"}}, {"model": "auth.permission", "pk": 20, "fields": {"name": "Can view log entry", "content_type": 5, "codename": "view_logentry"}}, {"model": "auth.permission", "pk": 21, "fields": {"name": "Can add permission", "content_type": 6, "codename": "add_permission"}}, {"model": "auth.permission", "pk": 22, "fields": {"name": "Can change permission", "content_type": 6, "codename": "change_permission"}}, {"model": "auth.permission", "pk": 23, "fields": {"name": "Can delete permission", "content_type": 6, "codename": "delete_permission"}}, {"model": "auth.permission", "pk": 24, "fields": {"name": "Can view permission", "content_type": 6, "codename": "view_permission"}}, {"model": "auth.permission", "pk": 25, "fields": {"name": "Can add group", "content_type": 7, "codename": "add_group"}}, {"model": "auth.permission", "pk": 26, "fields": {"name": "Can change group", "content_type": 7, "codename": "change_group"}}, {"model": "auth.permission", "pk": 27, "fields": {"name": "Can delete group", "content_type": 7, "codename": "delete_group"}}, {"model": "auth.permission", "pk": 28, "fields": {"name": "Can view group", "content_type": 7, "codename": "view_group"}}, {"model": "auth.permission", "pk": 29, "fields": {"name": "Can add user", "content_type": 8, "codename": "add_user"}}, {"model": "auth.permission", "pk": 30, "fields": {"name": "Can change user", "content_type": 8, "codename": "change_user"}}, {"model": "auth.permission", "pk": 31, "fields": {"name": "Can delete user", "content_type": 8, "codename": "delete_user"}}, {"model": "auth.permission", "pk": 32, "fields": {"name": "Can view user", "content_type": 8, "codename": "view_user"}}, {"model": "auth.permission", "pk": 33, "fields": {"name": "Can add content type", "content_type": 9, "codename": "add_contenttype"}}, {"model": "auth.permission", "pk": 34, "fields": {"name": "Can change content type", "content_type": 9, "codename": "change_contenttype"}}, {"model": "auth.permission", "pk": 35, "fields": {"name": "Can delete content type", "content_type": 9, "codename": "delete_contenttype"}}, {"model": "auth.permission", "pk": 36, "fields": {"name": "Can view content type", "content_type": 9, "codename": "view_contenttype"}}, {"model": "auth.permission", "pk": 37, "fields": {"name": "Can add session", "content_type": 10, "codename": "add_session"}}, {"model": "auth.permission", "pk": 38, "fields": {"name": "Can change session", "content_type": 10, "codename": "change_session"}}, {"model": "auth.permission", "pk": 39, "fields": {"name": "Can delete session", "content_type": 10, "codename": "delete_session"}}, {"model": "auth.permission", "pk": 40, "fields": {"name": "Can view session", "content_type": 10, "codename": "view_session"}}, {"model": "auth.user", "pk": 1, "fields": {"password": "pbkdf2_sha256$150000$WPz5S6ga1ujE$TpxoySv+hjX0p6Q81OhCK5BjETHMBuN+oNvUDKJEiBs=", "last_login": "2019-07-30T05:42:15.169Z", "is_superuser": true, "username": "admin", "first_name": "", "last_name": "", "email": "admin@gmail.com", "is_staff": true, "is_active": true, "date_joined": "2019-06-23T16:01:51.411Z", "groups": [], "user_permissions": []}}, {"model": "auth.user", "pk": 2, "fields": {"password": "pbkdf2_sha256$150000$oWmdfPxaNNl5$KfyAy+YsabjKpGzM3ej3ZpjWzpELfigMNs9PcaV7/ws=", "last_login": "2019-07-29T17:27:42.713Z", "is_superuser": false, "username": "va", "first_name": "", "last_name": "", "email": "", "is_staff": false, "is_active": true, "date_joined": "2019-07-10T06:44:06Z", "groups": [], "user_permissions": []}}]